Datetime,Open,High,Low,Close,Volume,Dividends,Stock Splits
2026-09-28 09:15:00+05:30,1219.699951171875,1219.699951171875,1215.699951171875,1216.0,0,0.0,0.0
2026-09-28 09:16:00+05:30,1216.0,1216.0999755859375,1215.0999755859375,1215.9000244140625,72747,0.0,0.0
2026-09-28 09:17:00+05:30,1215.9000244140625,1216.199951171875,1215.9000244140625,1216.0,49220,0.0,0.0
2026-09-28 09:18:00+05:30,1216.0999755859375,1216.0999755859375,1216.0,1216.0999755859375,43480,0.0,0.0
2026-09-28 09:19:00+05:30,1216.0999755859375,1216.199951171875,1215.5,1215.5,48795,0.0,0.0
2026-09-28 09:20:00+05:30,1215.5999755859375,1215.5999755859375,1213.199951171875,1214.0,144485,0.0,0.0
2026-09-28 09:21:00+05:30,1214.0,1214.699951171875,1213.699951171875,1213.800048828125,47495,0.0,0.0
2026-09-28 09:22:00+05:30,1213.800048828125,1214.199951171875,1213.800048828125,1214.199951171875,69291,0.0,0.0
2026-09-28 09:23:00+05:30,1213.9000244140625,1213.9000244140625,1213.5,1213.800048828125,97405,0.0,0.0
2026-09-28 09:24:00+05:30,1213.5999755859375,1214.0,1213.5999755859375,1214.0,53102,0.0,0.0
2026-09-28 09:25:00+05:30,1213.5,1213.5,1212.5999755859375,1212.9000244140625,64282,0.0,0.0
2026-09-28 09:26:00+05:30,1214.0,1214.0,1212.5,1213.0999755859375,146673,0.0,0.0
2026-09-28 09:27:00+05:30,1213.0999755859375,1213.0999755859375,1212.300048828125,1212.300048828125,35065,0.0,0.0
2026-09-28 09:28:00+05:30,1212.199951171875,1213.5,1212.199951171875,1213.5,91171,0.0,0.0
2026-09-28 09:29:00+05:30,1213.5,1213.800048828125,1213.199951171875,1213.800048828125,28607,0.0,0.0
2026-09-28 09:30:00+05:30,1213.800048828125,1214.300048828125,1213.300048828125,1214.300048828125,81098,0.0,0.0
2026-09-28 09:31:00+05:30,1214.4000244140625,1215.699951171875,1214.4000244140625,1215.699951171875,97878,0.0,0.0
2026-09-28 09:32:00+05:30,1215.699951171875,1215.699951171875,1214.5,1215.0,65536,0.0,0.0
2026-09-28 09:33:00+05:30,1215.0,1215.300048828125,1214.699951171875,1215.0,67953,0.0,0.0
2026-09-28 09:34:00+05:30,1215.0,1215.0,1214.5999755859375,1214.9000244140625,77309,0.0,0.0
2026-09-28 09:35:00+05:30,1214.800048828125,1214.800048828125,1212.4000244140625,1212.5999755859375,106282,0.0,0.0
2026-09-28 09:36:00+05:30,1212.5999755859375,1212.5999755859375,1210.5,1211.0,83258,0.0,0.0
2026-09-28 09:37:00+05:30,1210.9000244140625,1211.0,1210.0,1210.0,188890,0.0,0.0
2026-09-28 09:38:00+05:30,1210.0,1210.4000244140625,1208.300048828125,1208.800048828125,84939,0.0,0.0
2026-09-28 09:39:00+05:30,1208.800048828125,1209.199951171875,1208.5999755859375,1209.199951171875,35719,0.0,0.0
2026-09-28 09:40:00+05:30,1209.199951171875,1209.5,1209.0999755859375,1209.300048828125,32015,0.0,0.0
2026-09-28 09:41:00+05:30,1209.300048828125,1209.800048828125,1209.300048828125,1209.800048828125,44425,0.0,0.0
2026-09-28 09:42:00+05:30,1209.9000244140625,1209.9000244140625,1209.0,1209.199951171875,60543,0.0,0.0
2026-09-28 09:43:00+05:30,1209.199951171875,1210.0,1209.199951171875,1209.699951171875,41574,0.0,0.0
2026-09-28 09:44:00+05:30,1209.800048828125,1210.0,1209.5,1209.5,27122,0.0,0.0
2026-09-28 09:45:00+05:30,1209.4000244140625,1210.199951171875,1209.4000244140625,1210.199951171875,44596,0.0,0.0
2026-09-28 09:46:00+05:30,1210.199951171875,1210.5,1210.0999755859375,1210.5,30377,0.0,0.0
2026-09-28 09:47:00+05:30,1210.5,1210.5,1210.0,1210.0,54455,0.0,0.0
2026-09-28 09:48:00+05:30,1210.0,1210.0,1209.4000244140625,1209.4000244140625,26316,0.0,0.0
2026-09-28 09:49:00+05:30,1209.0999755859375,1209.300048828125,1208.800048828125,1209.0999755859375,51757,0.0,0.0
2026-09-28 09:50:00+05:30,1209.0,1209.0,1208.800048828125,1208.9000244140625,35935,0.0,0.0
2026-09-28 09:51:00+05:30,1208.699951171875,1209.0,1208.699951171875,1209.0,19005,0.0,0.0
2026-09-28 09:52:00+05:30,1209.0999755859375,1209.300048828125,1209.0999755859375,1209.300048828125,46296,0.0,0.0
2026-09-28 09:53:00+05:30,1209.300048828125,1210.0999755859375,1209.300048828125,1210.0999755859375,34536,0.0,0.0
2026-09-28 09:54:00+05:30,1210.0999755859375,1210.0999755859375,1209.5999755859375,1209.800048828125,36001,0.0,0.0
2026-09-28 09:55:00+05:30,1209.800048828125,1209.800048828125,1208.9000244140625,1209.0,49359,0.0,0.0
2026-09-28 09:56:00+05:30,1209.199951171875,1209.4000244140625,1209.199951171875,1209.4000244140625,41861,0.0,0.0
2026-09-28 09:57:00+05:30,1209.4000244140625,1209.5,1209.300048828125,1209.300048828125,21317,0.0,0.0
2026-09-28 09:58:00+05:30,1209.300048828125,1210.4000244140625,1209.199951171875,1210.199951171875,34079,0.0,0.0
2026-09-28 09:59:00+05:30,1209.9000244140625,1210.4000244140625,1209.9000244140625,1210.199951171875,27838,0.0,0.0
2026-09-28 10:00:00+05:30,1210.0999755859375,1210.5,1209.800048828125,1210.199951171875,40510,0.0,0.0
2026-09-28 10:01:00+05:30,1210.0999755859375,1210.300048828125,1209.699951171875,1209.699951171875,50090,0.0,0.0
2026-09-28 10:02:00+05:30,1209.9000244140625,1210.199951171875,1209.699951171875,1210.199951171875,27997,0.0,0.0
2026-09-28 10:03:00+05:30,1210.199951171875,1210.199951171875,1209.5999755859375,1209.800048828125,24123,0.0,0.0
2026-09-28 10:04:00+05:30,1209.699951171875,1210.0,1209.300048828125,1209.5,16694,0.0,0.0
2026-09-28 10:05:00+05:30,1209.5,1209.9000244140625,1209.4000244140625,1209.5,22798,0.0,0.0
2026-09-28 10:06:00+05:30,1209.4000244140625,1209.800048828125,1209.4000244140625,1209.699951171875,30845,0.0,0.0
2026-09-28 10:07:00+05:30,1209.699951171875,1209.699951171875,1209.0,1209.300048828125,17690,0.0,0.0
2026-09-28 10:08:00+05:30,1209.0,1209.4000244140625,1209.0,1209.4000244140625,14344,0.0,0.0
2026-09-28 10:09:00+05:30,1209.4000244140625,1209.4000244140625,1208.9000244140625,1208.9000244140625,32483,0.0,0.0
2026-09-28 10:10:00+05:30,1208.800048828125,1209.199951171875,1208.699951171875,1209.199951171875,30005,0.0,0.0
2026-09-28 10:11:00+05:30,1209.199951171875,1209.5999755859375,1209.0999755859375,1209.5999755859375,19297,0.0,0.0
2026-09-28 10:12:00+05:30,1209.5999755859375,1210.0999755859375,1209.5999755859375,1210.0,24994,0.0,0.0
2026-09-28 10:13:00+05:30,1210.0,1211.0999755859375,1209.9000244140625,1211.0999755859375,25677,0.0,0.0
2026-09-28 10:14:00+05:30,1211.0999755859375,1211.4000244140625,1210.5,1210.5,21828,0.0,0.0
2026-09-28 10:15:00+05:30,1210.5999755859375,1210.5999755859375,1209.800048828125,1210.199951171875,30163,0.0,0.0
2026-09-28 10:16:00+05:30,1210.199951171875,1210.5,1210.0,1210.4000244140625,26973,0.0,0.0
2026-09-28 10:17:00+05:30,1210.4000244140625,1210.4000244140625,1209.0999755859375,1209.199951171875,24612,0.0,0.0
2026-09-28 10:18:00+05:30,1209.0999755859375,1209.699951171875,1209.0,1209.699951171875,18306,0.0,0.0
2026-09-28 10:19:00+05:30,1209.5999755859375,1210.4000244140625,1209.5999755859375,1210.4000244140625,21041,0.0,0.0
2026-09-28 10:20:00+05:30,1210.5999755859375,1210.800048828125,1210.5,1210.5,24664,0.0,0.0
2026-09-28 10:21:00+05:30,1210.5999755859375,1210.800048828125,1209.800048828125,1209.9000244140625,37163,0.0,0.0
2026-09-28 10:22:00+05:30,1209.9000244140625,1210.0,1209.0,1209.0,38083,0.0,0.0
2026-09-28 10:23:00+05:30,1209.0999755859375,1209.9000244140625,1209.0999755859375,1209.800048828125,40466,0.0,0.0
2026-09-28 10:24:00+05:30,1209.800048828125,1209.9000244140625,1209.5,1209.699951171875,28137,0.0,0.0
2026-09-28 10:25:00+05:30,1209.699951171875,1209.800048828125,1209.5999755859375,1209.5999755859375,20087,0.0,0.0
2026-09-28 10:26:00+05:30,1209.5999755859375,1209.699951171875,1209.0999755859375,1209.5,59347,0.0,0.0
2026-09-28 10:27:00+05:30,1209.199951171875,1209.5,1209.199951171875,1209.4000244140625,12166,0.0,0.0
2026-09-28 10:28:00+05:30,1209.5,1209.5999755859375,1209.4000244140625,1209.5999755859375,8457,0.0,0.0
2026-09-28 10:29:00+05:30,1209.5999755859375,1209.699951171875,1209.5999755859375,1209.699951171875,9076,0.0,0.0
2026-09-28 10:30:00+05:30,1209.699951171875,1210.0999755859375,1209.699951171875,1210.0,23655,0.0,0.0
2026-09-28 10:31:00+05:30,1210.199951171875,1210.5999755859375,1210.0999755859375,1210.5999755859375,22359,0.0,0.0
2026-09-28 10:32:00+05:30,1210.5,1210.5999755859375,1210.0,1210.0,14644,0.0,0.0
2026-09-28 10:33:00+05:30,1210.0999755859375,1210.300048828125,1209.5999755859375,1209.9000244140625,81356,0.0,0.0
2026-09-28 10:34:00+05:30,1209.9000244140625,1210.0,1209.5,1209.699951171875,25997,0.0,0.0
2026-09-28 10:35:00+05:30,1209.5,1209.800048828125,1209.5,1209.699951171875,18055,0.0,0.0
2026-09-28 10:36:00+05:30,1209.800048828125,1210.0,1209.800048828125,1209.9000244140625,19538,0.0,0.0
2026-09-28 10:37:00+05:30,1209.9000244140625,1209.9000244140625,1209.5999755859375,1209.5999755859375,13338,0.0,0.0
2026-09-28 10:38:00+05:30,1209.5999755859375,1209.5999755859375,1209.199951171875,1209.300048828125,18161,0.0,0.0
2026-09-28 10:39:00+05:30,1209.300048828125,1209.4000244140625,1207.4000244140625,1207.800048828125,108681,0.0,0.0
2026-09-28 10:40:00+05:30,1208.0,1208.4000244140625,1207.800048828125,1208.199951171875,28113,0.0,0.0
2026-09-28 10:41:00+05:30,1208.0999755859375,1208.199951171875,1207.5,1207.5,36045,0.0,0.0
2026-09-28 10:42:00+05:30,1207.5,1207.5,1206.5,1207.0,91608,0.0,0.0
2026-09-28 10:43:00+05:30,1207.0,1207.199951171875,1207.0,1207.0999755859375,18640,0.0,0.0
2026-09-28 10:44:00+05:30,1207.0999755859375,1207.5,1206.5999755859375,1207.5,37302,0.0,0.0
2026-09-28 10:45:00+05:30,1207.5,1207.5999755859375,1207.5,1207.5999755859375,19854,0.0,0.0
2026-09-28 10:46:00+05:30,1207.5999755859375,1207.800048828125,1207.5999755859375,1207.800048828125,12906,0.0,0.0
2026-09-28 10:47:00+05:30,1207.800048828125,1208.0,1207.800048828125,1208.0,26648,0.0,0.0
2026-09-28 10:48:00+05:30,1208.0,1208.0,1207.199951171875,1207.199951171875,13810,0.0,0.0
2026-09-28 10:49:00+05:30,1207.0999755859375,1207.5,1207.0999755859375,1207.300048828125,21139,0.0,0.0
2026-09-28 10:50:00+05:30,1207.300048828125,1207.9000244140625,1207.0999755859375,1207.9000244140625,52025,0.0,0.0
2026-09-28 10:51:00+05:30,1207.9000244140625,1208.0,1207.5,1208.0,26069,0.0,0.0
2026-09-28 10:52:00+05:30,1207.800048828125,1208.0,1207.5,1207.5999755859375,18069,0.0,0.0
2026-09-28 10:53:00+05:30,1207.5999755859375,1208.0,1207.5999755859375,1207.9000244140625,32425,0.0,0.0
2026-09-28 10:54:00+05:30,1207.9000244140625,1207.9000244140625,1207.300048828125,1207.9000244140625,18209,0.0,0.0
2026-09-28 10:55:00+05:30,1207.9000244140625,1208.4000244140625,1207.9000244140625,1208.199951171875,23373,0.0,0.0
2026-09-28 10:56:00+05:30,1208.300048828125,1208.4000244140625,1208.300048828125,1208.4000244140625,13032,0.0,0.0
2026-09-28 10:57:00+05:30,1208.4000244140625,1208.4000244140625,1208.300048828125,1208.4000244140625,16167,0.0,0.0
2026-09-28 10:58:00+05:30,1208.300048828125,1208.4000244140625,1208.0999755859375,1208.4000244140625,25631,0.0,0.0
2026-09-28 10:59:00+05:30,1208.5999755859375,1208.800048828125,1208.4000244140625,1208.800048828125,19981,0.0,0.0
2026-09-28 11:00:00+05:30,1208.800048828125,1208.800048828125,1208.4000244140625,1208.5,22276,0.0,0.0
2026-09-28 11:01:00+05:30,1208.5,1208.699951171875,1208.4000244140625,1208.699951171875,12984,0.0,0.0
2026-09-28 11:02:00+05:30,1208.5,1208.699951171875,1208.5,1208.699951171875,17254,0.0,0.0
2026-09-28 11:03:00+05:30,1208.699951171875,1208.699951171875,1208.4000244140625,1208.4000244140625,14010,0.0,0.0
2026-09-28 11:04:00+05:30,1208.300048828125,1208.300048828125,1207.800048828125,1208.0,20949,0.0,0.0
2026-09-28 11:05:00+05:30,1207.800048828125,1208.300048828125,1207.800048828125,1208.199951171875,31707,0.0,0.0
2026-09-28 11:06:00+05:30,1208.0999755859375,1208.699951171875,1208.0,1208.5999755859375,40157,0.0,0.0
2026-09-28 11:07:00+05:30,1208.4000244140625,1208.4000244140625,1208.4000244140625,1208.4000244140625,0,0.0,0.0
