Datetime,Open,High,Low,Close,Volume,Dividends,Stock Splits,Price_Change_%,MA_20,Volume_MA_20,Volume_Ratio,Volume_Anomaly,Price_Anomaly,Combined_Anomaly,Risk_Level
2026-09-28 09:15:00+05:30,1219.699951171875,1219.699951171875,1215.699951171875,1216.0,0,0.0,0.0,-0.3033492924485342,,,,False,True,False,Low
2026-09-28 09:16:00+05:30,1216.0,1216.0999755859375,1215.0999755859375,1215.9000244140625,72747,0.0,0.0,-0.008221676475123356,,,,False,False,False,Low
2026-09-28 09:17:00+05:30,1215.9000244140625,1216.199951171875,1215.9000244140625,1216.0,49220,0.0,0.0,0.008222352490343756,,,,False,False,False,Low
2026-09-28 09:18:00+05:30,1216.0999755859375,1216.0999755859375,1216.0,1216.0999755859375,43480,0.0,0.0,0.0,,,,False,False,False,Low
2026-09-28 09:19:00+05:30,1216.0999755859375,1216.199951171875,1215.5,1215.5,48795,0.0,0.0,-0.049336041278055416,,,,False,False,False,Low
2026-09-28 09:20:00+05:30,1215.5999755859375,1215.5999755859375,1213.199951171875,1214.0,144485,0.0,0.0,-0.13162023840665904,,,,False,True,False,Low
2026-09-28 09:21:00+05:30,1214.0,1214.699951171875,1213.699951171875,1213.800048828125,47495,0.0,0.0,-0.016470442493822075,,,,False,False,False,Low
2026-09-28 09:22:00+05:30,1213.800048828125,1214.199951171875,1213.800048828125,1214.199951171875,69291,0.0,0.0,0.03294631139091563,,,,False,False,False,Low
2026-09-28 09:23:00+05:30,1213.9000244140625,1213.9000244140625,1213.5,1213.800048828125,97405,0.0,0.0,-0.008235899491455832,,,,False,False,False,Low
2026-09-28 09:24:00+05:30,1213.5999755859375,1214.0,1213.5999755859375,1214.0,53102,0.0,0.0,0.03296180142631961,,,,False,False,False,Low
2026-09-28 09:25:00+05:30,1213.5,1213.5,1212.5999755859375,1212.9000244140625,64282,0.0,0.0,-0.0494417458539349,,,,False,False,False,Low
2026-09-28 09:26:00+05:30,1214.0,1214.0,1212.5,1213.0999755859375,146673,0.0,0.0,-0.07413710165259473,,,,False,False,False,Low
2026-09-28 09:27:00+05:30,1213.0999755859375,1213.0999755859375,1212.300048828125,1212.300048828125,35065,0.0,0.0,-0.06594071172296649,,,,False,False,False,Low
2026-09-28 09:28:00+05:30,1212.199951171875,1213.5,1212.199951171875,1213.5,91171,0.0,0.0,0.10724706158156486,,,,False,True,False,Low
2026-09-28 09:29:00+05:30,1213.5,1213.800048828125,1213.199951171875,1213.800048828125,28607,0.0,0.0,0.02472590260609806,,,,False,False,False,Low
2026-09-28 09:30:00+05:30,1213.800048828125,1214.300048828125,1213.300048828125,1214.300048828125,81098,0.0,0.0,0.04119294611025349,,,,False,False,False,Low
2026-09-28 09:31:00+05:30,1214.4000244140625,1215.699951171875,1214.4000244140625,1215.699951171875,97878,0.0,0.0,0.10704271505920823,,,,False,True,False,Low
2026-09-28 09:32:00+05:30,1215.699951171875,1215.699951171875,1214.5,1215.0,65536,0.0,0.0,-0.05757598091537978,,,,False,False,False,Low
2026-09-28 09:33:00+05:30,1215.0,1215.300048828125,1214.699951171875,1215.0,67953,0.0,0.0,0.0,,,,False,False,False,Low
2026-09-28 09:34:00+05:30,1215.0,1215.0,1214.5999755859375,1214.9000244140625,77309,0.0,0.0,-0.008228443287037037,1214.490008544922,69079.6,1.1191292364171188,False,False,False,Low
2026-09-28 09:35:00+05:30,1214.800048828125,1214.800048828125,1212.4000244140625,1212.5999755859375,106282,0.0,0.0,-0.18110579138598434,1214.3200073242188,74393.7,1.428642479134658,False,True,False,Low
2026-09-28 09:36:00+05:30,1212.5999755859375,1212.5999755859375,1210.5,1211.0,83258,0.0,0.0,-0.13194586987884274,1214.0750061035155,74919.25,1.1113031697460933,False,True,False,Low
2026-09-28 09:37:00+05:30,1210.9000244140625,1211.0,1210.0,1210.0,188890,0.0,0.0,-0.07432689701183293,1213.7750061035156,81902.75,2.3062717674314963,True,False,False,Medium
2026-09-28 09:38:00+05:30,1210.0,1210.4000244140625,1208.300048828125,1208.800048828125,84939,0.0,0.0,-0.09916951833677685,1213.410009765625,83975.7,1.0114711755900814,False,False,False,Low
2026-09-28 09:39:00+05:30,1208.800048828125,1209.199951171875,1208.5999755859375,1209.199951171875,35719,0.0,0.0,0.0330825883186956,1213.0950073242188,83321.9,0.42868681583113205,False,False,False,Low
2026-09-28 09:40:00+05:30,1209.199951171875,1209.5,1209.0999755859375,1209.300048828125,32015,0.0,0.0,0.008278006970889481,1212.860009765625,77698.4,0.41204194680971556,False,False,False,Low
2026-09-28 09:41:00+05:30,1209.300048828125,1209.800048828125,1209.300048828125,1209.800048828125,44425,0.0,0.0,0.04134623168869679,1212.660009765625,77544.9,0.5728938975999711,False,False,False,Low
2026-09-28 09:42:00+05:30,1209.9000244140625,1209.9000244140625,1209.0,1209.199951171875,60543,0.0,0.0,-0.057862073564841486,1212.410009765625,77107.5,0.7851765392471549,False,False,False,Low
2026-09-28 09:43:00+05:30,1209.199951171875,1210.0,1209.199951171875,1209.699951171875,41574,0.0,0.0,0.04134965433263818,1212.2050048828125,74315.95,0.5594223043640026,False,False,False,Low
2026-09-28 09:44:00+05:30,1209.800048828125,1210.0,1209.5,1209.5,27122,0.0,0.0,-0.02480152223631028,1211.9800048828124,73016.95,0.37144799940287837,False,False,False,Low
2026-09-28 09:45:00+05:30,1209.4000244140625,1210.199951171875,1209.4000244140625,1210.199951171875,44596,0.0,0.0,0.06614244597853827,1211.8450012207031,72032.65,0.6191081405446003,False,False,False,Low
2026-09-28 09:46:00+05:30,1210.199951171875,1210.5,1210.0999755859375,1210.5,30377,0.0,0.0,0.02479332674195311,1211.7150024414063,66217.85,0.4587433750869289,False,False,False,Low
2026-09-28 09:47:00+05:30,1210.5,1210.5,1210.0,1210.0,54455,0.0,0.0,-0.04130524576621231,1211.6,67187.35,0.8104948327326498,False,False,False,Low
2026-09-28 09:48:00+05:30,1210.0,1210.0,1209.4000244140625,1209.4000244140625,26316,0.0,0.0,-0.04958475916838843,1211.395001220703,63944.6,0.4115437425521467,False,False,False,Low
2026-09-28 09:49:00+05:30,1209.0999755859375,1209.300048828125,1208.800048828125,1209.0999755859375,51757,0.0,0.0,0.0,1211.1599975585937,65102.1,0.7950127568849545,False,False,False,Low
2026-09-28 09:50:00+05:30,1209.0,1209.0,1208.800048828125,1208.9000244140625,35935,0.0,0.0,-0.008269279233870967,1210.8899963378906,62843.95,0.5718131976109077,False,False,False,Low
2026-09-28 09:51:00+05:30,1208.699951171875,1209.0,1208.699951171875,1209.0,19005,0.0,0.0,0.02482409532937373,1210.554998779297,58900.3,0.3226638913553921,False,False,False,Low
2026-09-28 09:52:00+05:30,1209.0999755859375,1209.300048828125,1209.0999755859375,1209.300048828125,46296,0.0,0.0,0.01654728692642172,1210.270001220703,57938.3,0.7990569278007811,False,False,False,Low
2026-09-28 09:53:00+05:30,1209.300048828125,1210.0999755859375,1209.300048828125,1210.0999755859375,34536,0.0,0.0,0.06614791412500734,1210.025,56267.45,0.6137829242306165,False,False,False,Low
2026-09-28 09:54:00+05:30,1210.0999755859375,1210.0999755859375,1209.5999755859375,1209.800048828125,36001,0.0,0.0,-0.024785287485628922,1209.770001220703,54202.05,0.6641999702963264,False,False,False,Low
2026-09-28 09:55:00+05:30,1209.800048828125,1209.800048828125,1208.9000244140625,1209.0,49359,0.0,0.0,-0.06613066588152057,1209.5900024414063,51355.9,0.961116444264437,False,False,False,Low
2026-09-28 09:56:00+05:30,1209.199951171875,1209.4000244140625,1209.199951171875,1209.4000244140625,41861,0.0,0.0,0.016545918811326655,1209.5100036621093,49286.05,0.8493478377755977,False,False,False,Low
2026-09-28 09:57:00+05:30,1209.4000244140625,1209.5,1209.300048828125,1209.300048828125,21317,0.0,0.0,-0.008266544064767716,1209.4750061035156,40907.4,0.5211037611776842,False,False,False,Low
2026-09-28 09:58:00+05:30,1209.300048828125,1210.4000244140625,1209.199951171875,1210.199951171875,34079,0.0,0.0,0.07441514160377753,1209.5450012207032,38364.4,0.8882974841259084,False,False,False,Low
2026-09-28 09:59:00+05:30,1209.9000244140625,1210.4000244140625,1209.9000244140625,1210.199951171875,27838,0.0,0.0,0.024789383565617357,1209.5950012207031,37970.35,0.7331509980813977,False,False,False,Low
2026-09-28 10:00:00+05:30,1210.0999755859375,1210.5,1209.800048828125,1210.199951171875,40510,0.0,0.0,0.008261762495209641,1209.6399963378906,38395.1,1.0550825495961724,False,False,False,Low
2026-09-28 10:01:00+05:30,1210.0999755859375,1210.300048828125,1209.699951171875,1209.699951171875,50090,0.0,0.0,-0.03305713760293283,1209.634991455078,38678.35,1.2950397315293958,False,False,False,Low
2026-09-28 10:02:00+05:30,1209.9000244140625,1210.199951171875,1209.699951171875,1210.199951171875,27997,0.0,0.0,0.024789383565617357,1209.684991455078,37051.05,0.7556331062142638,False,False,False,Low
2026-09-28 10:03:00+05:30,1210.199951171875,1210.199951171875,1209.5999755859375,1209.800048828125,24123,0.0,0.0,-0.03304431993760716,1209.6899963378905,36178.5,0.6667772295700485,False,False,False,Low
2026-09-28 10:04:00+05:30,1209.699951171875,1210.0,1209.300048828125,1209.5,16694,0.0,0.0,-0.016528989001057735,1209.6899963378905,35657.1,0.46818165246192206,False,False,False,Low
2026-09-28 10:05:00+05:30,1209.5,1209.9000244140625,1209.4000244140625,1209.5,22798,0.0,0.0,0.0,1209.6549987792969,34567.2,0.6595269504038511,False,False,False,Low
2026-09-28 10:06:00+05:30,1209.4000244140625,1209.800048828125,1209.4000244140625,1209.699951171875,30845,0.0,0.0,0.02479963219430315,1209.6149963378907,34590.6,0.8917162466103509,False,False,False,Low
2026-09-28 10:07:00+05:30,1209.699951171875,1209.699951171875,1209.0,1209.300048828125,17690,0.0,0.0,-0.03305797800211547,1209.5799987792968,32752.35,0.5401139154900335,False,False,False,Low
2026-09-28 10:08:00+05:30,1209.0,1209.4000244140625,1209.0,1209.4000244140625,14344,0.0,0.0,0.03308721373552523,1209.5799987792968,32153.75,0.4461065972087237,False,False,False,Low
2026-09-28 10:09:00+05:30,1209.4000244140625,1209.4000244140625,1208.9000244140625,1208.9000244140625,32483,0.0,0.0,-0.04134281378423513,1209.570001220703,31190.05,1.0414539252101231,False,False,False,Low
2026-09-28 10:10:00+05:30,1208.800048828125,1209.199951171875,1208.699951171875,1209.199951171875,30005,0.0,0.0,0.0330825883186956,1209.5849975585938,30893.55,0.9712383329206259,False,False,False,Low
2026-09-28 10:11:00+05:30,1209.199951171875,1209.5999755859375,1209.0999755859375,1209.5999755859375,19297,0.0,0.0,0.033081742492201006,1209.6149963378907,30908.15,0.6243337113350362,False,False,False,Low
2026-09-28 10:12:00+05:30,1209.5999755859375,1210.0999755859375,1209.5999755859375,1210.0,24994,0.0,0.0,0.03307080209461196,1209.6499938964844,29843.05,0.837514932287417,False,False,False,Low
2026-09-28 10:13:00+05:30,1210.0,1211.0999755859375,1209.9000244140625,1211.0999755859375,25677,0.0,0.0,0.0909070732179752,1209.6999938964843,29400.1,0.8733643763116452,False,False,False,Low
2026-09-28 10:14:00+05:30,1211.0999755859375,1211.4000244140625,1210.5,1210.5,21828,0.0,0.0,-0.04953972405516961,1209.7349914550782,28691.45,0.7607841360405277,False,False,False,Low
2026-09-28 10:15:00+05:30,1210.5999755859375,1210.5999755859375,1209.800048828125,1210.199951171875,30163,0.0,0.0,-0.03304348439862522,1209.794989013672,27731.65,1.0876741917628414,False,False,False,Low
2026-09-28 10:16:00+05:30,1210.199951171875,1210.5,1210.0,1210.4000244140625,26973,0.0,0.0,0.01653224675755132,1209.844989013672,26987.25,0.9994719728760804,False,False,False,Low
2026-09-28 10:17:00+05:30,1210.4000244140625,1210.4000244140625,1209.0999755859375,1209.199951171875,24612,0.0,0.0,-0.09914682898064535,1209.8399841308594,27152.0,0.9064525633470831,False,False,False,Low
2026-09-28 10:18:00+05:30,1209.0999755859375,1209.699951171875,1209.0,1209.699951171875,18306,0.0,0.0,0.04962166884890955,1209.8149841308593,26363.35,0.6943730595694402,False,False,False,Low
2026-09-28 10:19:00+05:30,1209.5999755859375,1210.4000244140625,1209.5999755859375,1210.4000244140625,21041,0.0,0.0,0.06614160418922392,1209.8249877929688,26023.5,0.8085384364132419,False,False,False,Low
2026-09-28 10:20:00+05:30,1210.5999755859375,1210.800048828125,1210.5,1210.5,24664,0.0,0.0,-0.008258350235725987,1209.839990234375,25231.2,0.9775198960017756,False,False,False,Low
2026-09-28 10:21:00+05:30,1210.5999755859375,1210.800048828125,1209.800048828125,1209.9000244140625,37163,0.0,0.0,-0.057818535105803176,1209.8499938964844,24584.85,1.5116219948464198,False,False,False,Low
2026-09-28 10:22:00+05:30,1209.9000244140625,1210.0,1209.0,1209.0,38083,0.0,0.0,-0.07438832927525306,1209.7899963378907,25089.15,1.5179071431276068,False,False,False,Low
2026-09-28 10:23:00+05:30,1209.0999755859375,1209.9000244140625,1209.0999755859375,1209.800048828125,40466,0.0,0.0,0.0579003602947093,1209.7899963378907,25906.3,1.562013873073345,False,False,False,Low
2026-09-28 10:24:00+05:30,1209.800048828125,1209.9000244140625,1209.5,1209.699951171875,28137,0.0,0.0,-0.008273900827410263,1209.7999938964845,26478.45,1.062637729927545,False,False,False,Low
2026-09-28 10:25:00+05:30,1209.699951171875,1209.800048828125,1209.5999755859375,1209.5999755859375,20087,0.0,0.0,-0.008264494500528867,1209.8049926757812,26342.9,0.7625204514309358,False,False,False,Low
2026-09-28 10:26:00+05:30,1209.5999755859375,1209.699951171875,1209.0999755859375,1209.5,59347,0.0,0.0,-0.008265177575675067,1209.7949951171875,27768.0,2.137244309997119,True,False,False,Medium
2026-09-28 10:27:00+05:30,1209.199951171875,1209.5,1209.199951171875,1209.4000244140625,12166,0.0,0.0,0.016545918811326655,1209.7999938964845,27491.8,0.4425319549829404,False,False,False,Low
2026-09-28 10:28:00+05:30,1209.5,1209.5999755859375,1209.4000244140625,1209.5999755859375,8457,0.0,0.0,0.00826586076374535,1209.809991455078,27197.45,0.310948269047282,False,False,False,Low
2026-09-28 10:29:00+05:30,1209.5999755859375,1209.699951171875,1209.5999755859375,1209.699951171875,9076,0.0,0.0,0.008265177575675067,1209.8499877929687,26027.1,0.34871345635894896,False,False,False,Low
2026-09-28 10:30:00+05:30,1209.699951171875,1210.0999755859375,1209.699951171875,1210.0,23655,0.0,0.0,0.024803574459462702,1209.889990234375,25709.6,0.9200843264772692,False,False,False,Low
2026-09-28 10:31:00+05:30,1210.199951171875,1210.5999755859375,1210.0999755859375,1210.5999755859375,22359,0.0,0.0,0.0330544067263549,1209.939990234375,25862.7,0.8645269055435048,False,False,False,Low
2026-09-28 10:32:00+05:30,1210.5,1210.5999755859375,1210.0,1210.0,14644,0.0,0.0,-0.04130524576621231,1209.939990234375,25345.2,0.5777819863327178,False,False,False,Low
2026-09-28 10:33:00+05:30,1210.0999755859375,1210.300048828125,1209.5999755859375,1209.9000244140625,81356,0.0,0.0,-0.016523524990419283,1209.8799926757813,28129.15,2.892231013023856,True,False,False,Medium
2026-09-28 10:34:00+05:30,1209.9000244140625,1210.0,1209.5,1209.699951171875,25997,0.0,0.0,-0.016536344999612065,1209.839990234375,28337.6,0.917403026367794,False,False,False,Low
2026-09-28 10:35:00+05:30,1209.5,1209.800048828125,1209.5,1209.699951171875,18055,0.0,0.0,0.0165317215274907,1209.814990234375,27732.2,0.6510482399521134,False,False,False,Low
2026-09-28 10:36:00+05:30,1209.800048828125,1210.0,1209.800048828125,1209.9000244140625,19538,0.0,0.0,0.008263810704450007,1209.789990234375,27360.45,0.7140964421272311,False,False,False,Low
2026-09-28 10:37:00+05:30,1209.9000244140625,1209.9000244140625,1209.5999755859375,1209.5999755859375,13338,0.0,0.0,-0.02479947285481785,1209.809991455078,26796.75,0.4977469282655546,False,False,False,Low
2026-09-28 10:38:00+05:30,1209.5999755859375,1209.5999755859375,1209.199951171875,1209.300048828125,18161,0.0,0.0,-0.024795532727025203,1209.7899963378907,26789.5,0.6779148547005357,False,False,False,Low
2026-09-28 10:39:00+05:30,1209.300048828125,1209.4000244140625,1207.4000244140625,1207.800048828125,108681,0.0,0.0,-0.12403869506609037,1209.6599975585937,31171.5,3.4865502141379143,True,True,True,High
2026-09-28 10:40:00+05:30,1208.0,1208.4000244140625,1207.800048828125,1208.199951171875,28113,0.0,0.0,0.016552249327400664,1209.5449951171875,31343.95,0.8969195012115575,False,False,False,Low
2026-09-28 10:41:00+05:30,1208.0999755859375,1208.199951171875,1207.5,1207.5,36045,0.0,0.0,-0.04966274299000026,1209.4249938964845,31288.05,1.152037279408592,False,False,False,Low
2026-09-28 10:42:00+05:30,1207.5,1207.5,1206.5,1207.0,91608,0.0,0.0,-0.041407867494824016,1209.3249938964843,33964.3,2.6971849854111523,True,False,False,Medium
2026-09-28 10:43:00+05:30,1207.0,1207.199951171875,1207.0,1207.0999755859375,18640,0.0,0.0,0.008282981436412594,1209.189990234375,32873.0,0.5670306938825176,False,False,False,Low
2026-09-28 10:44:00+05:30,1207.0999755859375,1207.5,1206.5999755859375,1207.5,37302,0.0,0.0,0.03313929435449822,1209.0799926757813,33331.25,1.1191299456216013,False,False,False,Low
2026-09-28 10:45:00+05:30,1207.5,1207.5999755859375,1207.5,1207.5999755859375,19854,0.0,0.0,0.008279551630434782,1208.9799926757812,33319.6,0.5958654965845929,False,False,False,Low
2026-09-28 10:46:00+05:30,1207.5999755859375,1207.800048828125,1207.5999755859375,1207.800048828125,12906,0.0,0.0,0.016567840860581568,1208.8949951171876,30997.55,0.41635548615939005,False,False,False,Low
2026-09-28 10:47:00+05:30,1207.800048828125,1208.0,1207.800048828125,1208.0,26648,0.0,0.0,0.016554989550547194,1208.8249938964843,31721.65,0.8400571849194477,False,False,False,Low
2026-09-28 10:48:00+05:30,1208.0,1208.0,1207.199951171875,1207.199951171875,13810,0.0,0.0,-0.06622920762624172,1208.7049926757813,31989.3,0.43170685197863035,False,False,False,Low
2026-09-28 10:49:00+05:30,1207.0999755859375,1207.5,1207.0999755859375,1207.300048828125,21139,0.0,0.0,0.016574703523656573,1208.5849975585938,32592.45,0.648585792108295,False,False,False,Low
2026-09-28 10:50:00+05:30,1207.300048828125,1207.9000244140625,1207.0999755859375,1207.9000244140625,52025,0.0,0.0,0.04969564827897347,1208.479998779297,34010.95,1.5296544201205788,False,False,False,Low
2026-09-28 10:51:00+05:30,1207.9000244140625,1208.0,1207.5,1208.0,26069,0.0,0.0,0.0082768096627862,1208.35,34196.45,0.762330592795451,False,False,False,Low
2026-09-28 10:52:00+05:30,1207.800048828125,1208.0,1207.5,1207.5999755859375,18069,0.0,0.0,-0.016565096381774634,1208.229998779297,34367.7,0.5257552876683631,False,False,False,Low
2026-09-28 10:53:00+05:30,1207.5999755859375,1208.0,1207.5999755859375,1207.9000244140625,32425,0.0,0.0,0.024846707038016776,1208.1299987792968,31921.15,1.015784205769529,False,False,False,Low
2026-09-28 10:54:00+05:30,1207.9000244140625,1207.9000244140625,1207.300048828125,1207.9000244140625,18209,0.0,0.0,0.0,1208.0400024414062,31531.75,0.5774814274501098,False,False,False,Low
2026-09-28 10:55:00+05:30,1207.9000244140625,1208.4000244140625,1207.9000244140625,1208.199951171875,23373,0.0,0.0,0.0248304289883586,1207.9650024414063,31797.65,0.7350543200519535,False,False,False,Low
2026-09-28 10:56:00+05:30,1208.300048828125,1208.4000244140625,1208.300048828125,1208.4000244140625,13032,0.0,0.0,0.008274069510670114,1207.8900024414063,31472.35,0.41407775396498836,False,False,False,Low
2026-09-28 10:57:00+05:30,1208.4000244140625,1208.4000244140625,1208.300048828125,1208.4000244140625,16167,0.0,0.0,0.0,1207.8300048828125,31613.8,0.5113905952463798,False,False,False,Low
2026-09-28 10:58:00+05:30,1208.300048828125,1208.4000244140625,1208.0999755859375,1208.4000244140625,25631,0.0,0.0,0.008274069510670114,1207.7850036621094,31987.3,0.8012867606831462,False,False,False,Low
2026-09-28 10:59:00+05:30,1208.5999755859375,1208.800048828125,1208.4000244140625,1208.800048828125,19981,0.0,0.0,0.01655413256900846,1207.8350036621093,27552.3,0.7252026146637486,False,False,False,Low
2026-09-28 11:00:00+05:30,1208.800048828125,1208.800048828125,1208.4000244140625,1208.5,22276,0.0,0.0,-0.024822039709204453,1207.8500061035156,27260.45,0.8171545223941644,False,False,False,Low
2026-09-28 11:01:00+05:30,1208.5,1208.699951171875,1208.4000244140625,1208.699951171875,12984,0.0,0.0,0.016545401065370294,1207.9100036621094,26107.4,0.49733025885381155,False,False,False,Low
2026-09-28 11:02:00+05:30,1208.5,1208.699951171875,1208.5,1208.699951171875,17254,0.0,0.0,0.016545401065370294,1207.9950012207032,22389.7,0.7706222057463923,False,False,False,Low
2026-09-28 11:03:00+05:30,1208.699951171875,1208.699951171875,1208.4000244140625,1208.4000244140625,14010,0.0,0.0,-0.024813996022893105,1208.0600036621095,22158.2,0.6322715744058632,False,False,False,Low
2026-09-28 11:04:00+05:30,1208.300048828125,1208.300048828125,1207.800048828125,1208.0,20949,0.0,0.0,-0.02483231118098552,1208.0850036621093,21340.55,0.9816523004327443,False,False,False,Low
2026-09-28 11:05:00+05:30,1207.800048828125,1208.300048828125,1207.800048828125,1208.199951171875,31707,0.0,0.0,0.03310997910109439,1208.1150024414062,21933.2,1.4456166906789707,False,False,False,Low
2026-09-28 11:06:00+05:30,1208.0999755859375,1208.699951171875,1208.0,1208.5999755859375,40157,0.0,0.0,0.04138730321201242,1208.1549987792969,23295.75,1.7237908202139876,False,False,False,Low
2026-09-28 11:07:00+05:30,1208.4000244140625,1208.4000244140625,1208.4000244140625,1208.4000244140625,0,0.0,0.0,0.0,1208.175,21963.35,0.0,False,False,False,Low
